Workbook

Sheet Dashboard
A1: Student Performance Dashboard
A2: Live MIS summary: updates automatically from the Student Data sheet
A3: Total Students | B3: Passed | C3: Pass % | D3: Class Average % | E3: Highest % | F3: Lowest %
A4: =COUNTA('Student Data'!A2:A31) -> 30 | B4: =COUNTIF('Student Data'!M2:M31,"Pass") -> 29 | C4: =IF(A4=0,0,B4/A4) -> 0.96666667 | D4: =AVERAGE('Student Data'!K2:K31) -> 0.7204 | E4: =MAX('Student Data'!K2:K31) -> 0.956 | F4: =MIN('Student Data'!K2:K31) -> 0.37
A6: Subject-wise Performance
A7: Subject | B7: Average | C7: Highest | D7: Lowest | E7: Pass %
A8: ='Student Data'!E1 -> English | B8: =AVERAGE('Student Data'!E2:E31) -> 70.233333 | C8: =MAX('Student Data'!E2:E31) -> 99 | D8: =MIN('Student Data'!E2:E31) -> 43 | E8: =COUNTIF('Student Data'!E2:E31,">="&'Student Data'!$R$3)/$A$4 -> 1
A9: ='Student Data'!F1 -> Hindi | B9: =AVERAGE('Student Data'!F2:F31) -> 71.166667 | C9: =MAX('Student Data'!F2:F31) -> 99 | D9: =MIN('Student Data'!F2:F31) -> 42 | E9: =COUNTIF('Student Data'!F2:F31,">="&'Student Data'!$R$3)/$A$4 -> 1
A10: ='Student Data'!G1 -> Mathematics | B10: =AVERAGE('Student Data'!G2:G31) -> 70.8 | C10: =MAX('Student Data'!G2:G31) -> 99 | D10: =MIN('Student Data'!G2:G31) -> 32 | E10: =COUNTIF('Student Data'!G2:G31,">="&'Student Data'!$R$3)/$A$4 -> 0.96666667
A11: ='Student Data'!H1 -> Science | B11: =AVERAGE('Student Data'!H2:H31) -> 72.933333 | C11: =MAX('Student Data'!H2:H31) -> 99 | D11: =MIN('Student Data'!H2:H31) -> 31 | E11: =COUNTIF('Student Data'!H2:H31,">="&'Student Data'!$R$3)/$A$4 -> 0.96666667
A12: ='Student Data'!I1 -> Social Science | B12: =AVERAGE('Student Data'!I2:I31) -> 75.066667 | C12: =MAX('Student Data'!I2:I31) -> 99 | D12: =MIN('Student Data'!I2:I31) -> 37 | E12: =COUNTIF('Student Data'!I2:I31,">="&'Student Data'!$R$3)/$A$4 -> 1
A15: Grade Distribution
A16: Grade | B16: Students | C16: % of Class
A17: ='Student Data'!$R$11 -> A+ | B17: =COUNTIF('Student Data'!$L$2:$L$31,A17) -> 2 | C17: =IF($A$4=0,0,B17/$A$4) -> 0.066666667
A18: ='Student Data'!$R$10 -> A | B18: =COUNTIF('Student Data'!$L$2:$L$31,A18) -> 8 | C18: =IF($A$4=0,0,B18/$A$4) -> 0.26666667
A19: ='Student Data'!$R$9 -> B | B19: =COUNTIF('Student Data'!$L$2:$L$31,A19) -> 18 | C19: =IF($A$4=0,0,B19/$A$4) -> 0.6
A20: ='Student Data'!$R$8 -> C | B20: =COUNTIF('Student Data'!$L$2:$L$31,A20) -> 1 | C20: =IF($A$4=0,0,B20/$A$4) -> 0.033333333
A21: ='Student Data'!$R$7 -> D | B21: =COUNTIF('Student Data'!$L$2:$L$31,A21) -> 0 | C21: =IF($A$4=0,0,B21/$A$4) -> 0
A22: ='Student Data'!$R$6 -> F | B22: =COUNTIF('Student Data'!$L$2:$L$31,A22) -> 1 | C22: =IF($A$4=0,0,B22/$A$4) -> 0.033333333
A25: Section-wise Summary
A26: Section | B26: Students | C26: Average % | D26: Pass %
A27: A | B27: =COUNTIF('Student Data'!$C$2:$C$31,A27) -> 10 | C27: =IFERROR(AVERAGEIF('Student Data'!$C$2:$C$31,A27,'Student Data'!$K$2:$K$31),0) -> 0.6898 | D27: =IF(B27=0,0,COUNTIFS('Student Data'!$C$2:$C$31,A27,'Student Data'!$M$2:$M$31,"Pass")/B27) -> 0.9
A28: B | B28: =COUNTIF('Student Data'!$C$2:$C$31,A28) -> 10 | C28: =IFERROR(AVERAGEIF('Student Data'!$C$2:$C$31,A28,'Student Data'!$K$2:$K$31),0) -> 0.7942 | D28: =IF(B28=0,0,COUNTIFS('Student Data'!$C$2:$C$31,A28,'Student Data'!$M$2:$M$31,"Pass")/B28) -> 1
A29: C | B29: =COUNTIF('Student Data'!$C$2:$C$31,A29) -> 10 | C29: =IFERROR(AVERAGEIF('Student Data'!$C$2:$C$31,A29,'Student Data'!$K$2:$K$31),0) -> 0.6772 | D29: =IF(B29=0,0,COUNTIFS('Student Data'!$C$2:$C$31,A29,'Student Data'!$M$2:$M$31,"Pass")/B29) -> 1
A32: Top 5 Performers
A33: Rank | B33: Student | C33: Section | D33: Total | E33: Percentage | F33: Grade
A34: 1 | B34: =INDEX('Student Data'!$B$2:$B$31,MATCH($A34,'Student Data'!$N$2:$N$31,0)) -> Isha Kapoor | C34: =INDEX('Student Data'!$C$2:$C$31,MATCH($A34,'Student Data'!$N$2:$N$31,0)) -> A | D34: =INDEX('Student Data'!$J$2:$J$31,MATCH($A34,'Student Data'!$N$2:$N$31,0)) -> 478 | E34: =INDEX('Student Data'!$K$2:$K$31,MATCH($A34,'Student Data'!$N$2:$N$31,0)) -> 0.956 | F34: =INDEX('Student Data'!$L$2:$L$31,MATCH($A34,'Student Data'!$N$2:$N$31,0)) -> A+
A35: 2 | B35: =INDEX('Student Data'!$B$2:$B$31,MATCH($A35,'Student Data'!$N$2:$N$31,0)) -> Harsh Dubey | C35: =INDEX('Student Data'!$C$2:$C$31,MATCH($A35,'Student Data'!$N$2:$N$31,0)) -> B | D35: =INDEX('Student Data'!$J$2:$J$31,MATCH($A35,'Student Data'!$N$2:$N$31,0)) -> 466 | E35: =INDEX('Student Data'!$K$2:$K$31,MATCH($A35,'Student Data'!$N$2:$N$31,0)) -> 0.932 | F35: =INDEX('Student Data'!$L$2:$L$31,MATCH($A35,'Student Data'!$N$2:$N$31,0)) -> A+
A36: 3 | B36: =INDEX('Student Data'!$B$2:$B$31,MATCH($A36,'Student Data'!$N$2:$N$31,0)) -> Deepak Kumar | C36: =INDEX('Student Data'!$C$2:$C$31,MATCH($A36,'Student Data'!$N$2:$N$31,0)) -> B | D36: =INDEX('Student Data'!$J$2:$J$31,MATCH($A36,'Student Data'!$N$2:$N$31,0)) -> 444 | E36: =INDEX('Student Data'!$K$2:$K$31,MATCH($A36,'Student Data'!$N$2:$N$31,0)) -> 0.888 | F36: =INDEX('Student Data'!$L$2:$L$31,MATCH($A36,'Student Data'!$N$2:$N$31,0)) -> A
A37: 4 | B37: =INDEX('Student Data'!$B$2:$B$31,MATCH($A37,'Student Data'!$N$2:$N$31,0)) -> Meera Nair | C37: =INDEX('Student Data'!$C$2:$C$31,MATCH($A37,'Student Data'!$N$2:$N$31,0)) -> B | D37: =INDEX('Student Data'!$J$2:$J$31,MATCH($A37,'Student Data'!$N$2:$N$31,0)) -> 438 | E37: =INDEX('Student Data'!$K$2:$K$31,MATCH($A37,'Student Data'!$N$2:$N$31,0)) -> 0.876 | F37: =INDEX('Student Data'!$L$2:$L$31,MATCH($A37,'Student Data'!$N$2:$N$31,0)) -> A
A38: 5 | B38: =INDEX('Student Data'!$B$2:$B$31,MATCH($A38,'Student Data'!$N$2:$N$31,0)) -> Tanvi Arora | C38: =INDEX('Student Data'!$C$2:$C$31,MATCH($A38,'Student Data'!$N$2:$N$31,0)) -> B | D38: =INDEX('Student Data'!$J$2:$J$31,MATCH($A38,'Student Data'!$N$2:$N$31,0)) -> 434 | E38: =INDEX('Student Data'!$K$2:$K$31,MATCH($A38,'Student Data'!$N$2:$N$31,0)) -> 0.868 | F38: =INDEX('Student Data'!$L$2:$L$31,MATCH($A38,'Student Data'!$N$2:$N$31,0)) -> A

Sheet Student Data
A1: Roll No | B1: Student Name | C1: Section | D1: Gender | E1: English | F1: Hindi | G1: Mathematics | H1: Science | I1: Social Science | J1: Total | K1: Percentage | L1: Grade | M1: Result | N1: Rank | O1: Remarks | Q1: Settings (edit blue cells)
A2: 1001 | B2: Aarav Sharma | C2: A | D2: M | E2: 64 | F2: 65 | G2: 72 | H2: 64 | I2: 52 | J2: =SUM(E2:I2) -> 317 | K2: =IF(COUNT(E2:I2)=0,0,J2/(COUNT(E2:I2)*'Student Data'!$R$2)) -> 0.634 | L2: =IF(M2="Fail","F",INDEX('Student Data'!$R$6:$R$11,MATCH(K2*100,'Student Data'!$Q$6:$Q$11,1))) -> B | M2: =IF(COUNTIF(E2:I2,"<"&'Student Data'!$R$3)>0,"Fail","Pass") -> Pass | N2: =RANK(K2,$K$2:$K$31)+COUNTIF($K$2:K2,K2)-1 -> 25 | O2: =IF(M2="Fail","Needs Improvement",INDEX('Student Data'!$S$6:$S$11,MATCH(K2*100,'Student Data'!$Q$6:$Q$11,1))) -> Good | Q2: Max marks per subject | R2: 100
A3: 1002 | B3: Ananya Verma | C3: B | D3: F | E3: 69 | F3: 70 | G3: 73 | H3: 74 | I3: 82 | J3: =SUM(E3:I3) -> 368 | K3: =IF(COUNT(E3:I3)=0,0,J3/(COUNT(E3:I3)*'Student Data'!$R$2)) -> 0.736 | L3: =IF(M3="Fail","F",INDEX('Student Data'!$R$6:$R$11,MATCH(K3*100,'Student Data'!$Q$6:$Q$11,1))) -> B | M3: =IF(COUNTIF(E3:I3,"<"&'Student Data'!$R$3)>0,"Fail","Pass") -> Pass | N3: =RANK(K3,$K$2:$K$31)+COUNTIF($K$2:K3,K3)-1 -> 13 | O3: =IF(M3="Fail","Needs Improvement",INDEX('Student Data'!$S$6:$S$11,MATCH(K3*100,'Student Data'!$Q$6:$Q$11,1))) -> Good | Q3: Pass marks per subject | R3: 33
A4: 1003 | B4: Rohan Gupta | C4: C | D4: M | E4: 77 | F4: 69 | G4: 67 | H4: 78 | I4: 88 | J4: =SUM(E4:I4) -> 379 | K4: =IF(COUNT(E4:I4)=0,0,J4/(COUNT(E4:I4)*'Student Data'!$R$2)) -> 0.758 | L4: =IF(M4="Fail","F",INDEX('Student Data'!$R$6:$R$11,MATCH(K4*100,'Student Data'!$Q$6:$Q$11,1))) -> A | M4: =IF(COUNTIF(E4:I4,"<"&'Student Data'!$R$3)>0,"Fail","Pass") -> Pass | N4: =RANK(K4,$K$2:$K$31)+COUNTIF($K$2:K4,K4)-1 -> 10 | O4: =IF(M4="Fail","Needs Improvement",INDEX('Student Data'!$S$6:$S$11,MATCH(K4*100,'Student Data'!$Q$6:$Q$11,1))) -> Very Good
A5: 1004 | B5: Priya Singh | C5: A | D5: F | E5: 67 | F5: 73 | G5: 55 | H5: 65 | I5: 72 | J5: =SUM(E5:I5) -> 332 | K5: =IF(COUNT(E5:I5)=0,0,J5/(COUNT(E5:I5)*'Student Data'!$R$2)) -> 0.664 | L5: =IF(M5="Fail","F",INDEX('Student Data'!$R$6:$R$11,MATCH(K5*100,'Student Data'!$Q$6:$Q$11,1))) -> B | M5: =IF(COUNTIF(E5:I5,"<"&'Student Data'!$R$3)>0,"Fail","Pass") -> Pass | N5: =RANK(K5,$K$2:$K$31)+COUNTIF($K$2:K5,K5)-1 -> 20 | O5: =IF(M5="Fail","Needs Improvement",INDEX('Student Data'!$S$6:$S$11,MATCH(K5*100,'Student Data'!$Q$6:$Q$11,1))) -> Good | Q5: Min % | R5: Grade | S5: Remarks
A6: 1005 | B6: Vikram Yadav | C6: B | D6: M | E6: 77 | F6: 82 | G6: 81 | H6: 86 | I6: 69 | J6: =SUM(E6:I6) -> 395 | K6: =IF(COUNT(E6:I6)=0,0,J6/(COUNT(E6:I6)*'Student Data'!$R$2)) -> 0.79 | L6: =IF(M6="Fail","F",INDEX('Student Data'!$R$6:$R$11,MATCH(K6*100,'Student Data'!$Q$6:$Q$11,1))) -> A | M6: =IF(COUNTIF(E6:I6,"<"&'Student Data'!$R$3)>0,"Fail","Pass") -> Pass | N6: =RANK(K6,$K$2:$K$31)+COUNTIF($K$2:K6,K6)-1 -> 8 | O6: =IF(M6="Fail","Needs Improvement",INDEX('Student Data'!$S$6:$S$11,MATCH(K6*100,'Student Data'!$Q$6:$Q$11,1))) -> Very Good | Q6: 0 | R6: F | S6: Poor
A7: 1006 | B7: Neha Kumari | C7: C | D7: F | E7: 61 | F7: 51 | G7: 69 | H7: 67 | I7: 83 | J7: =SUM(E7:I7) -> 331 | K7: =IF(COUNT(E7:I7)=0,0,J7/(COUNT(E7:I7)*'Student Data'!$R$2)) -> 0.662 | L7: =IF(M7="Fail","F",INDEX('Student Data'!$R$6:$R$11,MATCH(K7*100,'Student Data'!$Q$6:$Q$11,1))) -> B | M7: =IF(COUNTIF(E7:I7,"<"&'Student Data'!$R$3)>0,"Fail","Pass") -> Pass | N7: =RANK(K7,$K$2:$K$31)+COUNTIF($K$2:K7,K7)-1 -> 21 | O7: =IF(M7="Fail","Needs Improvement",INDEX('Student Data'!$S$6:$S$11,MATCH(K7*100,'Student Data'!$Q$6:$Q$11,1))) -> Good | Q7: 33 | R7: D | S7: Needs Improvement
A8: 1007 | B8: Aditya Mishra | C8: A | D8: M | E8: 65 | F8: 84 | G8: 67 | H8: 75 | I8: 73 | J8: =SUM(E8:I8) -> 364 | K8: =IF(COUNT(E8:I8)=0,0,J8/(COUNT(E8:I8)*'Student Data'!$R$2)) -> 0.728 | L8: =IF(M8="Fail","F",INDEX('Student Data'!$R$6:$R$11,MATCH(K8*100,'Student Data'!$Q$6:$Q$11,1))) -> B | M8: =IF(COUNTIF(E8:I8,"<"&'Student Data'!$R$3)>0,"Fail","Pass") -> Pass | N8: =RANK(K8,$K$2:$K$31)+COUNTIF($K$2:K8,K8)-1 -> 14 | O8: =IF(M8="Fail","Needs Improvement",INDEX('Student Data'!$S$6:$S$11,MATCH(K8*100,'Student Data'!$Q$6:$Q$11,1))) -> Good | Q8: 50 | R8: C | S8: Average
A9: 1008 | B9: Sneha Joshi | C9: B | D9: F | E9: 76 | F9: 75 | G9: 72 | H9: 75 | I9: 73 | J9: =SUM(E9:I9) -> 371 | K9: =IF(COUNT(E9:I9)=0,0,J9/(COUNT(E9:I9)*'Student Data'!$R$2)) -> 0.742 | L9: =IF(M9="Fail","F",INDEX('Student Data'!$R$6:$R$11,MATCH(K9*100,'Student Data'!$Q$6:$Q$11,1))) -> B | M9: =IF(COUNTIF(E9:I9,"<"&'Student Data'!$R$3)>0,"Fail","Pass") -> Pass | N9: =RANK(K9,$K$2:$K$31)+COUNTIF($K$2:K9,K9)-1 -> 11 | O9: =IF(M9="Fail","Needs Improvement",INDEX('Student Data'!$S$6:$S$11,MATCH(K9*100,'Student Data'!$Q$6:$Q$11,1))) -> Good | Q9: 60 | R9: B | S9: Good
A10: 1009 | B10: Karan Malhotra | C10: C | D10: M | E10: 53 | F10: 55 | G10: 64 | H10: 57 | I10: 80 | J10: =SUM(E10:I10) -> 309 | K10: =IF(COUNT(E10:I10)=0,0,J10/(COUNT(E10:I10)*'Student Data'!$R$2)) -> 0.618 | L10: =IF(M10="Fail","F",INDEX('Student Data'!$R$6:$R$11,MATCH(K10*100,'Student Data'!$Q$6:$Q$11,1))) -> B | M10: =IF(COUNTIF(E10:I10,"<"&'Student Data'!$R$3)>0,"Fail","Pass") -> Pass | N10: =RANK(K10,$K$2:$K$31)+COUNTIF($K$2:K10,K10)-1 -> 26 | O10: =IF(M10="Fail","Needs Improvement",INDEX('Student Data'!$S$6:$S$11,MATCH(K10*100,'Student Data'!$Q$6:$Q$11,1))) -> Good | Q10: 75 | R10: A | S10: Very Good
A11: 1010 | B11: Pooja Rawat | C11: A | D11: F | E11: 47 | F11: 64 | G11: 70 | H11: 61 | I11: 64 | J11: =SUM(E11:I11) -> 306 | K11: =IF(COUNT(E11:I11)=0,0,J11/(COUNT(E11:I11)*'Student Data'!$R$2)) -> 0.612 | L11: =IF(M11="Fail","F",INDEX('Student Data'!$R$6:$R$11,MATCH(K11*100,'Student Data'!$Q$6:$Q$11,1))) -> B | M11: =IF(COUNTIF(E11:I11,"<"&'Student Data'!$R$3)>0,"Fail","Pass") -> Pass | N11: =RANK(K11,$K$2:$K$31)+COUNTIF($K$2:K11,K11)-1 -> 27 | O11: =IF(M11="Fail","Needs Improvement",INDEX('Student Data'!$S$6:$S$11,MATCH(K11*100,'Student Data'!$Q$6:$Q$11,1))) -> Good | Q11: 90 | R11: A+ | S11: Outstanding
A12: 1011 | B12: Rahul Tiwari | C12: B | D12: M | E12: 85 | F12: 73 | G12: 81 | H12: 95 | I12: 73 | J12: =SUM(E12:I12) -> 407 | K12: =IF(COUNT(E12:I12)=0,0,J12/(COUNT(E12:I12)*'Student Data'!$R$2)) -> 0.814 | L12: =IF(M12="Fail","F",INDEX('Student Data'!$R$6:$R$11,MATCH(K12*100,'Student Data'!$Q$6:$Q$11,1))) -> A | M12: =IF(COUNTIF(E12:I12,"<"&'Student Data'!$R$3)>0,"Fail","Pass") -> Pass | N12: =RANK(K12,$K$2:$K$31)+COUNTIF($K$2:K12,K12)-1 -> 7 | O12: =IF(M12="Fail","Needs Improvement",INDEX('Student Data'!$S$6:$S$11,MATCH(K12*100,'Student Data'!$Q$6:$Q$11,1))) -> Very Good | Q12: Keep Min % in ascending order. Student fails if any subject is below pass marks.
A13: 1012 | B13: Simran Kaur | C13: C | D13: F | E13: 70 | F13: 65 | G13: 74 | H13: 73 | I13: 89 | J13: =SUM(E13:I13) -> 371 | K13: =IF(COUNT(E13:I13)=0,0,J13/(COUNT(E13:I13)*'Student Data'!$R$2)) -> 0.742 | L13: =IF(M13="Fail","F",INDEX('Student Data'!$R$6:$R$11,MATCH(K13*100,'Student Data'!$Q$6:$Q$11,1))) -> B | M13: =IF(COUNTIF(E13:I13,"<"&'Student Data'!$R$3)>0,"Fail","Pass") -> Pass | N13: =RANK(K13,$K$2:$K$31)+COUNTIF($K$2:K13,K13)-1 -> 12 | O13: =IF(M13="Fail","Needs Improvement",INDEX('Student Data'!$S$6:$S$11,MATCH(K13*100,'Student Data'!$Q$6:$Q$11,1))) -> Good
A14: 1013 | B14: Arjun Chauhan | C14: A | D14: M | E14: 70 | F14: 71 | G14: 68 | H14: 84 | I14: 70 | J14: =SUM(E14:I14) -> 363 | K14: =IF(COUNT(E14:I14)=0,0,J14/(COUNT(E14:I14)*'Student Data'!$R$2)) -> 0.726 | L14: =IF(M14="Fail","F",INDEX('Student Data'!$R$6:$R$11,MATCH(K14*100,'Student Data'!$Q$6:$Q$11,1))) -> B | M14: =IF(COUNTIF(E14:I14,"<"&'Student Data'!$R$3)>0,"Fail","Pass") -> Pass | N14: =RANK(K14,$K$2:$K$31)+COUNTIF($K$2:K14,K14)-1 -> 15 | O14: =IF(M14="Fail","Needs Improvement",INDEX('Student Data'!$S$6:$S$11,MATCH(K14*100,'Student Data'!$Q$6:$Q$11,1))) -> Good
A15: 1014 | B15: Kavita Pandey | C15: B | D15: F | E15: 73 | F15: 60 | G15: 64 | H15: 50 | I15: 57 | J15: =SUM(E15:I15) -> 304 | K15: =IF(COUNT(E15:I15)=0,0,J15/(COUNT(E15:I15)*'Student Data'!$R$2)) -> 0.608 | L15: =IF(M15="Fail","F",INDEX('Student Data'!$R$6:$R$11,MATCH(K15*100,'Student Data'!$Q$6:$Q$11,1))) -> B | M15: =IF(COUNTIF(E15:I15,"<"&'Student Data'!$R$3)>0,"Fail","Pass") -> Pass | N15: =RANK(K15,$K$2:$K$31)+COUNTIF($K$2:K15,K15)-1 -> 28 | O15: =IF(M15="Fail","Needs Improvement",INDEX('Student Data'!$S$6:$S$11,MATCH(K15*100,'Student Data'!$Q$6:$Q$11,1))) -> Good
A16: 1015 | B16: Manish Saini | C16: C | D16: M | E16: 64 | F16: 71 | G16: 60 | H16: 62 | I16: 62 | J16: =SUM(E16:I16) -> 319 | K16: =IF(COUNT(E16:I16)=0,0,J16/(COUNT(E16:I16)*'Student Data'!$R$2)) -> 0.638 | L16: =IF(M16="Fail","F",INDEX('Student Data'!$R$6:$R$11,MATCH(K16*100,'Student Data'!$Q$6:$Q$11,1))) -> B | M16: =IF(COUNTIF(E16:I16,"<"&'Student Data'!$R$3)>0,"Fail","Pass") -> Pass | N16: =RANK(K16,$K$2:$K$31)+COUNTIF($K$2:K16,K16)-1 -> 23 | O16: =IF(M16="Fail","Needs Improvement",INDEX('Student Data'!$S$6:$S$11,MATCH(K16*100,'Student Data'!$Q$6:$Q$11,1))) -> Good
A17: 1016 | B17: Riya Agarwal | C17: A | D17: F | E17: 90 | F17: 84 | G17: 73 | H17: 90 | I17: 85 | J17: =SUM(E17:I17) -> 422 | K17: =IF(COUNT(E17:I17)=0,0,J17/(COUNT(E17:I17)*'Student Data'!$R$2)) -> 0.844 | L17: =IF(M17="Fail","F",INDEX('Student Data'!$R$6:$R$11,MATCH(K17*100,'Student Data'!$Q$6:$Q$11,1))) -> A | M17: =IF(COUNTIF(E17:I17,"<"&'Student Data'!$R$3)>0,"Fail","Pass") -> Pass | N17: =RANK(K17,$K$2:$K$31)+COUNTIF($K$2:K17,K17)-1 -> 6 | O17: =IF(M17="Fail","Needs Improvement",INDEX('Student Data'!$S$6:$S$11,MATCH(K17*100,'Student Data'!$Q$6:$Q$11,1))) -> Very Good
A18: 1017 | B18: Deepak Kumar | C18: B | D18: M | E18: 83 | F18: 99 | G18: 80 | H18: 98 | I18: 84 | J18: =SUM(E18:I18) -> 444 | K18: =IF(COUNT(E18:I18)=0,0,J18/(COUNT(E18:I18)*'Student Data'!$R$2)) -> 0.888 | L18: =IF(M18="Fail","F",INDEX('Student Data'!$R$6:$R$11,MATCH(K18*100,'Student Data'!$Q$6:$Q$11,1))) -> A | M18: =IF(COUNTIF(E18:I18,"<"&'Student Data'!$R$3)>0,"Fail","Pass") -> Pass | N18: =RANK(K18,$K$2:$K$31)+COUNTIF($K$2:K18,K18)-1 -> 3 | O18: =IF(M18="Fail","Needs Improvement",INDEX('Student Data'!$S$6:$S$11,MATCH(K18*100,'Student Data'!$Q$6:$Q$11,1))) -> Very Good
A19: 1018 | B19: Anjali Mehta | C19: C | D19: F | E19: 51 | F19: 59 | G19: 74 | H19: 68 | I19: 67 | J19: =SUM(E19:I19) -> 319 | K19: =IF(COUNT(E19:I19)=0,0,J19/(COUNT(E19:I19)*'Student Data'!$R$2)) -> 0.638 | L19: =IF(M19="Fail","F",INDEX('Student Data'!$R$6:$R$11,MATCH(K19*100,'Student Data'!$Q$6:$Q$11,1))) -> B | M19: =IF(COUNTIF(E19:I19,"<"&'Student Data'!$R$3)>0,"Fail","Pass") -> Pass | N19: =RANK(K19,$K$2:$K$31)+COUNTIF($K$2:K19,K19)-1 -> 24 | O19: =IF(M19="Fail","Needs Improvement",INDEX('Student Data'!$S$6:$S$11,MATCH(K19*100,'Student Data'!$Q$6:$Q$11,1))) -> Good
A20: 1019 | B20: Sahil Khan | C20: A | D20: M | E20: 43 | F20: 42 | G20: 32 | H20: 31 | I20: 37 | J20: =SUM(E20:I20) -> 185 | K20: =IF(COUNT(E20:I20)=0,0,J20/(COUNT(E20:I20)*'Student Data'!$R$2)) -> 0.37 | L20: =IF(M20="Fail","F",INDEX('Student Data'!$R$6:$R$11,MATCH(K20*100,'Student Data'!$Q$6:$Q$11,1))) -> F | M20: =IF(COUNTIF(E20:I20,"<"&'Student Data'!$R$3)>0,"Fail","Pass") -> Fail | N20: =RANK(K20,$K$2:$K$31)+COUNTIF($K$2:K20,K20)-1 -> 30 | O20: =IF(M20="Fail","Needs Improvement",INDEX('Student Data'!$S$6:$S$11,MATCH(K20*100,'Student Data'!$Q$6:$Q$11,1))) -> Needs Improvement
A21: 1020 | B21: Meera Nair | C21: B | D21: F | E21: 80 | F21: 86 | G21: 99 | H21: 86 | I21: 87 | J21: =SUM(E21:I21) -> 438 | K21: =IF(COUNT(E21:I21)=0,0,J21/(COUNT(E21:I21)*'Student Data'!$R$2)) -> 0.876 | L21: =IF(M21="Fail","F",INDEX('Student Data'!$R$6:$R$11,MATCH(K21*100,'Student Data'!$Q$6:$Q$11,1))) -> A | M21: =IF(COUNTIF(E21:I21,"<"&'Student Data'!$R$3)>0,"Fail","Pass") -> Pass | N21: =RANK(K21,$K$2:$K$31)+COUNTIF($K$2:K21,K21)-1 -> 4 | O21: =IF(M21="Fail","Needs Improvement",INDEX('Student Data'!$S$6:$S$11,MATCH(K21*100,'Student Data'!$Q$6:$Q$11,1))) -> Very Good
A22: 1021 | B22: Nikhil Bansal | C22: C | D22: M | E22: 58 | F22: 71 | G22: 58 | H22: 77 | I22: 69 | J22: =SUM(E22:I22) -> 333 | K22: =IF(COUNT(E22:I22)=0,0,J22/(COUNT(E22:I22)*'Student Data'!$R$2)) -> 0.666 | L22: =IF(M22="Fail","F",INDEX('Student Data'!$R$6:$R$11,MATCH(K22*100,'Student Data'!$Q$6:$Q$11,1))) -> B | M22: =IF(COUNTIF(E22:I22,"<"&'Student Data'!$R$3)>0,"Fail","Pass") -> Pass | N22: =RANK(K22,$K$2:$K$31)+COUNTIF($K$2:K22,K22)-1 -> 19 | O22: =IF(M22="Fail","Needs Improvement",INDEX('Student Data'!$S$6:$S$11,MATCH(K22*100,'Student Data'!$Q$6:$Q$11,1))) -> Good
A23: 1022 | B23: Isha Kapoor | C23: A | D23: F | E23: 99 | F23: 99 | G23: 85 | H23: 96 | I23: 99 | J23: =SUM(E23:I23) -> 478 | K23: =IF(COUNT(E23:I23)=0,0,J23/(COUNT(E23:I23)*'Student Data'!$R$2)) -> 0.956 | L23: =IF(M23="Fail","F",INDEX('Student Data'!$R$6:$R$11,MATCH(K23*100,'Student Data'!$Q$6:$Q$11,1))) -> A+ | M23: =IF(COUNTIF(E23:I23,"<"&'Student Data'!$R$3)>0,"Fail","Pass") -> Pass | N23: =RANK(K23,$K$2:$K$31)+COUNTIF($K$2:K23,K23)-1 -> 1 | O23: =IF(M23="Fail","Needs Improvement",INDEX('Student Data'!$S$6:$S$11,MATCH(K23*100,'Student Data'!$Q$6:$Q$11,1))) -> Outstanding
A24: 1023 | B24: Harsh Dubey | C24: B | D24: M | E24: 75 | F24: 99 | G24: 96 | H24: 99 | I24: 97 | J24: =SUM(E24:I24) -> 466 | K24: =IF(COUNT(E24:I24)=0,0,J24/(COUNT(E24:I24)*'Student Data'!$R$2)) -> 0.932 | L24: =IF(M24="Fail","F",INDEX('Student Data'!$R$6:$R$11,MATCH(K24*100,'Student Data'!$Q$6:$Q$11,1))) -> A+ | M24: =IF(COUNTIF(E24:I24,"<"&'Student Data'!$R$3)>0,"Fail","Pass") -> Pass | N24: =RANK(K24,$K$2:$K$31)+COUNTIF($K$2:K24,K24)-1 -> 2 | O24: =IF(M24="Fail","Needs Improvement",INDEX('Student Data'!$S$6:$S$11,MATCH(K24*100,'Student Data'!$Q$6:$Q$11,1))) -> Outstanding
... A31: 1030 | B31: Nisha Thakur | C31: C | D31: F | E31: 65 | F31: 78 | G31: 76 | H31: 62 | I31: 75 | J31: =SUM(E31:I31) -> 356 | K31: =IF(COUNT(E31:I31)=0,0,J31/(COUNT(E31:I31)*'Student Data'!$R$2)) -> 0.712 | L31: =IF(M31="Fail","F",INDEX('Student Data'!$R$6:$R$11,MATCH(K31*100,'Student Data'!$Q$6:$Q$11,1))) -> B | M31: =IF(COUNTIF(E31:I31,"<"&'Student Data'!$R$3)>0,"Fail","Pass") -> Pass | N31: =RANK(K31,$K$2:$K$31)+COUNTIF($K$2:K31,K31)-1 -> 16 | O31: =IF(M31="Fail","Needs Improvement",INDEX('Student Data'!$S$6:$S$11,MATCH(K31*100,'Student Data'!$Q$6:$Q$11,1))) -> Good
A33: Blue = input data (sample/dummy). Black = formulas. Red marks = below pass marks (see settings on the right).

Sheet Student Report
A1: Individual Student Report Card
A3: Select Roll No | B3: 1001 | C3: Pick from the dropdown
A5: Student Name | B5: =INDEX('Student Data'!$B$2:$B$31,MATCH($B$3,'Student Data'!$A$2:$A$31,0)) -> Aarav Sharma
A6: Section | B6: =INDEX('Student Data'!$C$2:$C$31,MATCH($B$3,'Student Data'!$A$2:$A$31,0)) -> A
A7: Gender | B7: =INDEX('Student Data'!$D$2:$D$31,MATCH($B$3,'Student Data'!$A$2:$A$31,0)) -> M
A10: Subject | B10: Marks Obtained | C10: Class Average | D10: Difference vs Avg | E10: Status
A11: =INDEX('Student Data'!$E$1:$I$1,1) -> English | B11: =INDEX('Student Data'!$E$2:$I$31,MATCH($B$3,'Student Data'!$A$2:$A$31,0),1) -> 64 | C11: =AVERAGE(INDEX('Student Data'!$E$2:$I$31,0,1)) -> 70.233333 | D11: =B11-C11 -> -6.2333333 | E11: =IF(B11>='Student Data'!$R$3,"Pass","Fail") -> Pass
A12: =INDEX('Student Data'!$E$1:$I$1,2) -> Hindi | B12: =INDEX('Student Data'!$E$2:$I$31,MATCH($B$3,'Student Data'!$A$2:$A$31,0),2) -> 65 | C12: =AVERAGE(INDEX('Student Data'!$E$2:$I$31,0,2)) -> 71.166667 | D12: =B12-C12 -> -6.1666667 | E12: =IF(B12>='Student Data'!$R$3,"Pass","Fail") -> Pass
A13: =INDEX('Student Data'!$E$1:$I$1,3) -> Mathematics | B13: =INDEX('Student Data'!$E$2:$I$31,MATCH($B$3,'Student Data'!$A$2:$A$31,0),3) -> 72 | C13: =AVERAGE(INDEX('Student Data'!$E$2:$I$31,0,3)) -> 70.8 | D13: =B13-C13 -> 1.2 | E13: =IF(B13>='Student Data'!$R$3,"Pass","Fail") -> Pass
A14: =INDEX('Student Data'!$E$1:$I$1,4) -> Science | B14: =INDEX('Student Data'!$E$2:$I$31,MATCH($B$3,'Student Data'!$A$2:$A$31,0),4) -> 64 | C14: =AVERAGE(INDEX('Student Data'!$E$2:$I$31,0,4)) -> 72.933333 | D14: =B14-C14 -> -8.9333333 | E14: =IF(B14>='Student Data'!$R$3,"Pass","Fail") -> Pass
A15: =INDEX('Student Data'!$E$1:$I$1,5) -> Social Science | B15: =INDEX('Student Data'!$E$2:$I$31,MATCH($B$3,'Student Data'!$A$2:$A$31,0),5) -> 52 | C15: =AVERAGE(INDEX('Student Data'!$E$2:$I$31,0,5)) -> 75.066667 | D15: =B15-C15 -> -23.066667 | E15: =IF(B15>='Student Data'!$R$3,"Pass","Fail") -> Pass
A17: Total Marks | B17: =INDEX('Student Data'!$J$2:$J$31,MATCH($B$3,'Student Data'!$A$2:$A$31,0)) -> 317
A18: Percentage | B18: =INDEX('Student Data'!$K$2:$K$31,MATCH($B$3,'Student Data'!$A$2:$A$31,0)) -> 0.634
A19: Grade | B19: =INDEX('Student Data'!$L$2:$L$31,MATCH($B$3,'Student Data'!$A$2:$A$31,0)) -> B
A20: Result | B20: =INDEX('Student Data'!$M$2:$M$31,MATCH($B$3,'Student Data'!$A$2:$A$31,0)) -> Pass
A21: Class Rank | B21: =INDEX('Student Data'!$N$2:$N$31,MATCH($B$3,'Student Data'!$A$2:$A$31,0))&" of "&COUNTA('Student Data'!$A$2:$A$31) -> 25 of 30
A22: Remarks | B22: =INDEX('Student Data'!$O$2:$O$31,MATCH($B$3,'Student Data'!$A$2:$A$31,0)) -> Good
